breadth,depth,dev,relative_breadth,relative_depth
61,1663,Sergiy Shyrkov,36.06190476190476,45.52023020465598
31,765,bpapez,9.895238095238096,10.047064278302171
19,153,Thomas Draier,4.828571428571429,2.4120845133157007
24,312,oyevstafyev,6.478571428571429,4.1191506938112
2,4,Florent BOURASSE,0.2857142857142857,0.01449351056328833
10,65,David Griffon,1.6285714285714286,0.5629944185597143
1,2,Oleksandr Ievstafiev,0.3333333333333333,0.02857142857142857
20,94,jkevan,4.145238095238096,1.267574260810128
2,3,Serge Huber,0.34285714285714286,0.027836691410392363
