breadth,depth,dev,relative_breadth,relative_depth
60,1650,Sergiy Shyrkov,35.22857142857143,44.62394926750196
31,765,bpapez,10.061904761904762,10.136421072070338
17,151,Thomas Draier,4.328571428571429,2.2446105289750955
24,302,oyevstafyev,6.478571428571429,4.077285797109466
2,4,Florent BOURASSE,0.2857142857142857,0.014825553564834443
10,62,David Griffon,1.6285714285714286,0.5547693006847363
1,2,Oleksandr Ievstafiev,0.3333333333333333,0.02857142857142857
20,94,jkevan,4.311904761904762,1.2914988071633025
2,3,Serge Huber,0.34285714285714286,0.02806824435883324
