breadth,depth,dev,relative_breadth,relative_depth
58,1531,Sergiy Shyrkov,33.25238095238095,42.19960847108164
31,753,bpapez,10.085714285714285,10.09548638672263
17,151,Thomas Draier,4.352380952380953,2.3656001042306865
24,302,oyevstafyev,6.502380952380952,4.328167075629269
1,2,Florent BOURASSE,0.14285714285714285,0.007326007326007326
10,62,David Griffon,1.6523809523809523,0.5945245740764252
1,2,Oleksandr Ievstafiev,0.3333333333333333,0.02857142857142857
20,93,jkevan,4.335714285714285,1.3512772702386653
2,3,Serge Huber,0.34285714285714286,0.029438682123245883
