relative_depth,dev,relative_breadth,breadth,depth
4.2940541550193005,oyevstafyev,7.233333333333333,20,186
0.01,jkevan,0.2,1,1
0.024390243902439025,Thomas Draier,0.2,1,2
49.137741736398475,Sergiy Shyrkov,43.4,61,1209
2.5733735282715733,David Griffon,4.566666666666666,14,97
6.918773669741543,bpapez,7.066666666666667,20,565
0.041666666666666664,Oleksandr Ievstafiev,0.3333333333333333,1,2
