relative_depth,breadth,depth,relative_breadth,dev
0.33687943262411346,2,10,0.3666666666666667,Diego Leite
2.295654321890165,6,52,2.75,Jeyel Ferreira
1.8457446808510638,3,33,1.3666666666666667,Calebe Oliveira
0.5599489795918366,3,15,0.7833333333333332,Carla
0.04168475900998697,2,2,0.41666666666666663,yuri
0.02127659574468085,1,1,0.16666666666666666,Vinícius Assis
0.02127659574468085,1,1,0.16666666666666666,Dilan Nery
0.08333333333333333,1,1,0.2,MariliaSuzart
3.7942013012101397,6,125,2.783333333333333,luanecomp
