relative_depth,breadth,depth,relative_breadth,dev
2.582783882783883,5,25,3.0,Da Vinci
4.926007326007326,7,24,5.0,Mona Lisa
2.4912087912087912,4,34,1.9999999999999998,Dante
