relative_depth,dev,relative_breadth,breadth,depth
2.6266617621551354,oyevstafyev,5.816666666666667,16,129
0.010869565217391304,jkevan,0.2,1,1
0.02531645569620253,Thomas Draier,0.2,1,2
50.725626308098484,Sergiy Shyrkov,44.81666666666667,61,1200
2.5855774998329513,David Griffon,4.65,14,95
7.025948408999848,bpapez,7.316666666666666,20,565
