relative_depth,relative_breadth,breadth,dev,depth
6.904950654143381,7.083333333333333,17,Thomas Draier,172
20.36363566654115,17.583333333333336,30,Sergiy Shyrkov,353
0.2627784294083019,1.25,5,oyevstafyev,14
10.468635249907173,12.083333333333334,24,bpapez,179
