depth,relative_depth,breadth,relative_breadth,dev
2,0.02531645569620253,1,0.2,Thomas Draier
565,7.025948408999849,20,7.316666666666666,bpapez
1,0.010869565217391304,1,0.2,jkevan
1200,50.72562630809847,61,44.81666666666666,Sergiy Shyrkov
129,2.6266617621551354,16,5.816666666666667,oyevstafyev
95,2.585577499832951,14,4.6499999999999995,David Griffon
