breadth,depth,rel_breadth,rel_depth
4,20,2.833333333333333,2.7
5,12,4.333333333333333,4.1
3,18,1.8333333333333333,2.2
