breadth,depth,rel_depth,dev,rel_breadth
4,20,2.7,Da Vinci,2.833333333333333
5,12,4.1,Mona Lisa,4.333333333333333
3,18,2.2,Dante,1.8333333333333333
