relative_depth,breadth,depth,relative_breadth,dev
50.56180220008015,65,16020,35.75,Leandro Pereira
7.11824152185018,29,2579,12.25,Mauricio
10.035809376476324,34,3945,13.416666666666668,Mark Railton
2.284146901593336,25,382,8.583333333333332,bcron10
