relative_depth,breadth,depth,relative_breadth,dev
0.6629901960784315,3,15,1.0,Diego Leite
0.16666666666666666,1,8,0.16666666666666666,Jeyel Ferreira
1.7549019607843137,3,45,0.9999999999999999,Calebe Oliveira
0,0,0,0,Carla
0.020833333333333332,1,1,0.16666666666666666,yuri
0.020833333333333332,1,1,0.16666666666666666,Vinícius Assis
0.3737745098039216,2,7,0.5,Dilan Nery
0,0,0,0,MariliaSuzart
0,0,0,0,luanecomp
