relative_depth,breadth,depth,relative_breadth,dev
2.6904761904761907,4,20,2.833333333333333,Da Vinci
4.095238095238095,5,12,4.333333333333333,Mona Lisa
2.2142857142857144,3,19,1.8333333333333333,Dante
