exp_dist,lib_exp,desenvolvedor
0.9969230769230769,0.003076923076923077,Thomas Draier
0.9384615384615385,0.06153846153846154,bpapez
0.9969230769230769,0.003076923076923077,jkevan
0.8123076923076923,0.18769230769230769,Sergiy Shyrkov
0.9507692307692308,0.04923076923076923,oyevstafyev
0.9569230769230769,0.043076923076923075,David Griffon
