exp_dist,lib_exp,desenvolvedor
0.7857142857142857,0.21428571428571427,Diego Leite
0.9285714285714286,0.07142857142857142,Jeyel Ferreira
0.7857142857142857,0.21428571428571427,Calebe Oliveira
1.0,0.0,Carla
0.9285714285714286,0.07142857142857142,yuri
0.9285714285714286,0.07142857142857142,Vinícius Assis
0.85714285714285721,0.14285714285714285,Dilan Nery
1.0,0.0,MariliaSuzart
1.0,0.0,luanecomp
