exp_dist,lib_exp,desenvolvedor
0.71615720524017468,0.2838427947598253,Leandro Pereira
0.8733624454148472,0.12663755458515283,Mauricio
0.85152838427947597,0.14847161572052403,Mark Railton
0.89082969432314407,0.1091703056768559,bcron10
