exp_dist,lib_exp,desenvolvedor
0.94318181818181823,0.056818181818181816,Da Vinci
0.92045454545454541,0.07954545454545454,Mona Lisa
0.95454545454545459,0.045454545454545456,Dante
