lib_exp,exp_dist,desenvolvedor
0.006153846153846154,0.9938461538461538,oyevstafyev
0.07076923076923076,0.9292307692307692,Sergiy Shyrkov
0.006153846153846154,0.9938461538461538,Thomas Draier
