lib_exp,desenvolvedor,exp_dist
0.006153846153846154,oyevstafyev,0.9938461538461538
0.006153846153846154,Thomas Draier,0.9938461538461538
0.07076923076923076,Sergiy Shyrkov,0.9292307692307692
