desenvolvedor,exp_dist,lib_exp
Thomas Draier,0.9476923076923077,0.052307692307692305
Sergiy Shyrkov,0.9076923076923077,0.09230769230769231
oyevstafyev,0.9846153846153847,0.015384615384615385
bpapez,0.9261538461538461,0.07384615384615385
