desenvolvedor,exp_dist,lib_exp
oyevstafyev,0.9938461538461538,0.006153846153846154
Sergiy Shyrkov,0.9292307692307692,0.07076923076923076
Thomas Draier,0.9938461538461538,0.006153846153846154
