exp_dist,lib_exp,desenvolvedor
0.95454545454545459,0.045454545454545456,Da Vinci
0.94318181818181823,0.056818181818181816,Mona Lisa
0.96590909090909094,0.03409090909090909,Dante
